{"cameraMode":{"drawMode":0,"name":"Shaded","section":"Shading Mode"},"sceneLighting":false,"audioPlay":false,"sceneViewState":{"m_AlwaysRefresh":false,"showFog":true,"showSkybox":true,"showFlares":true,"showImageEffects":true,"showParticleSystems":true,"showVisualEffectGraphs":true,"m_FxEnabled":true},"in2DMode":false,"pivot":{"x":155.52427673339845,"y":-62.46173858642578,"z":157.05104064941407},"rotation":{"x":-0.06144649162888527,"y":-0.02398969978094101,"z":0.001465174020268023,"w":-0.9979172348976135},"size":26.270593643188478,"orthographic":false}