{"cameraMode":{"drawMode":0,"name":"Shaded","section":"Shading Mode"},"sceneLighting":false,"audioPlay":false,"sceneViewState":{"m_AlwaysRefresh":false,"showFog":true,"showSkybox":false,"showFlares":true,"showImageEffects":true,"showParticleSystems":true,"showVisualEffectGraphs":true,"m_FxEnabled":true},"in2DMode":false,"pivot":{"x":0.000017896500139613636,"y":0.00003959764217142947,"z":0.000012273922038730234},"rotation":{"x":-0.21009330451488496,"y":-0.19332057237625123,"z":0.0424339696764946,"w":-0.9575018286705017},"size":0.00181732012424618,"orthographic":false}